Workbook

Sheet Parameters
A1: Parameter | B1: Unit | C1: Value | D1: Cathegory | E1: original
A2: Cost_storage | B2: EUR/tCO2 | C2: 10 | D2: Storage
A3: Lifetime_storage | B3: yrs | C3: 40 | D3: Storage
A4: Lifetime_other | B4: yrs | C4: 25
A5: A_inv_trans | B5: M_EURp100km | C5: 4.6045 | D5: Pipeline
A6: B_inv_trans | B6: EURptCO2p100km | C6: 0.1641 | D6: Pipeline
A7: Terrain | B7: - | C7: 1.1 | D7: Pipeline
A8: OandM_trans | B8: EURptCO2p100km | C8: 1.5 | D8: Pipeline
A9: Alpha_ship | B9: M_EUR | C9: 24.051 | D9: Shipping
A10: Beta_ship | B10: M_EURp1000km | C10: 2.307 | D10: Shipping
A11: Gamma_ship | B11: M_EURpMtCO2pa | C11: 10.924 | D11: Shipping
A12: Delta_ship | B12: M_EURpMtCO2pap1000km | C12: 4.004 | D12: Shipping
A13: Conversion_EUR_dollar | B13: - | C13: 1.2 | D13: -
A14: A_pipe_1 | B14: M_EURpkm | C14: =0.2963/$C$13 -> 0.24691667 | D14: Pipeline
A15: B_pipe_1 | B15: M_EURpMtCO2papkm | C15: =0.083/$C$13 -> 0.069166667 | D15: Pipeline
A16: Limit_1_2 | B16: MtCO2pa | C16: 8 | D16: Pipeline
A17: A_pipe_2 | B17: M_EURpkm | C17: =0.6442/$C$13 -> 0.53683333 | D17: Pipeline
A18: B_pipe_2 | B18: M_EURpMtCO2papkm | C18: =0.0171/$C$13 -> 0.01425 | D18: Pipeline

Sheet Parameters_old
A1: Parameter | B1: Unit | C1: Value | D1: Cathegory | E1: original
A2: Cost_storage | B2: EUR/tCO2 | C2: 10 | D2: Storage
A3: Lifetime_storage | B3: yrs | C3: 40 | D3: Storage
A4: Lifetime_other | B4: yrs | C4: 25
A5: A_inv_trans | B5: M_EURp100km | C5: 4.6045 | D5: Pipeline
A6: B_inv_trans | B6: EURptCO2p100km | C6: 0.1641 | D6: Pipeline
A7: Terrain | B7: - | C7: 1.1 | D7: Pipeline
A8: OandM_trans | B8: EURptCO2p100km | C8: 1.5 | D8: Pipeline
A9: Alpha_ship | B9: M_EUR | C9: 24.051 | D9: Shipping
A10: Beta_ship | B10: M_EURp1000km | C10: 2.307 | D10: Shipping
A11: Gamma_ship | B11: M_EURpMtCO2pa | C11: 10.924 | D11: Shipping
A12: Delta_ship | B12: M_EURpMtCO2pap1000km | C12: 4.004 | D12: Shipping
A13: Conversion_EUR_dollar | B13: - | C13: 1.2 | D13: -
A14: A_pipe_1 | B14: M_EURpkm | C14: =0.2963/$C$13 -> 0.24691667 | D14: Pipeline
A15: B_pipe_1 | B15: M_EURpMtCO2papkm | C15: =0.083/$C$13 -> 0.069166667 | D15: Pipeline
A16: Limit_1_2 | B16: MtCO2pa | C16: 8 | D16: Pipeline
A17: A_pipe_2 | B17: M_EURpkm | C17: =0.6442/$C$13 -> 0.53683333 | D17: Pipeline
A18: B_pipe_2 | B18: M_EURpMtCO2papkm | C18: =0.0171/$C$13 -> 0.01425 | D18: Pipeline

Sheet Cost scale
A1: =Parameters_old!A14 -> A_pipe_1 | B1: =Parameters_old!B14 -> M_EURpkm | C1: =Parameters_old!C14 -> 0.24691667 | D1: =Parameters_old!D14 -> Pipeline
A2: =Parameters_old!A15 -> B_pipe_1 | B2: =Parameters_old!B15 -> M_EURpMtCO2papkm | C2: =Parameters_old!C15 -> 0.069166667 | D2: =Parameters_old!D15 -> Pipeline
A3: =Parameters_old!A16 -> Limit_1_2 | B3: =Parameters_old!B16 -> MtCO2pa | C3: =Parameters_old!C16 -> 8 | D3: =Parameters_old!D16 -> Pipeline
A4: =Parameters_old!A17 -> A_pipe_2 | B4: =Parameters_old!B17 -> M_EURpkm | C4: =Parameters_old!C17 -> 0.53683333 | D4: =Parameters_old!D17 -> Pipeline
A5: =Parameters_old!A18 -> B_pipe_2 | B5: =Parameters_old!B18 -> M_EURpMtCO2papkm | C5: =Parameters_old!C18 -> 0.01425 | D5: =Parameters_old!D18 -> Pipeline
A10: q | B10: f(q)
A12: 1 | B12: =$C$1+A12*$C$2 -> 0.31608333
A13: 2 | B13: =$C$1+A13*$C$2 -> 0.38525
A14: 3 | B14: =$C$1+A14*$C$2 -> 0.45441667
A15: 4 | B15: =$C$1+A15*$C$2 -> 0.52358333
A16: 5 | B16: =$C$4+$C$5*A16 -> 0.60808333
A17: 6 | B17: =$C$4+$C$5*A17 -> 0.62233333
A18: 7 | B18: =$C$4+$C$5*A18 -> 0.63658333
A19: 8 | B19: =$C$4+$C$5*A19 -> 0.65083333
A20: 9 | B20: =$C$4+$C$5*A20 -> 0.66508333
A21: 10 | B21: =$C$4+$C$5*A21 -> 0.67933333
A22: 11 | B22: =$C$4+$C$5*A22 -> 0.69358333
A23: 12 | B23: =$C$4+$C$5*A23 -> 0.70783333
A24: 13 | B24: =$C$4+$C$5*A24 -> 0.72208333
A25: 14 | B25: =$C$4+$C$5*A25 -> 0.73633333
A26: 15 | B26: =$C$4+$C$5*A26 -> 0.75058333
A27: 16 | B27: =$C$4+$C$5*A27 -> 0.76483333
... A41: 100 | B41: =$C$4+$C$5*A41 -> 1.9618333

Sheet Pipelines
A1: Pipeline_id | B1: Pipe_name | C1: Node_origin | D1: Node_destination | E1: Latitude_origin | F1: Longitude_origin | G1: Latitude_destination | H1: Longitude_destination | I1: Id_qgis | J1: Distance_km | K1: NUTS0
A2: INET_PL_1256_EE_0_552 | B2: Alcazar de San Juan_Yela0_552 | C2: INET_N_23 | D2: INET_N_1460 | E2: 39.390075 | F2: -3.3500984 | G2: 40.01 | H2: -3.207 | I2: 1 | J2: 70.655192 | K2: ES
A3: INET_PL_1_1 | B3: AlcazarDeSanJuan_Chinchilla_1 | C3: INET_N_23 | D3: INET_N_295 | E3: 39.390075 | F3: -3.3500984 | G3: 38.892435 | H3: -1.719831 | I3: 2 | J3: 189.57211 | K3: ES
A4: INET_PL_123_EE_2_63 | B4: Cordoba_AlcazarDeSanJuan2_63 | C4: INET_N_579 | D4: INET_N_23 | E4: 38.28 | F4: -3.386 | G4: 39.390075 | H4: -3.3500984 | I4: 3 | J4: 123.32096 | K4: ES
A5: INET_PL_3_2 | B5: Tarancon_Madrid_2 | C5: INET_N_1460 | D5: INET_N_904 | E5: 40.01 | F5: -3.207 | G5: 40.223 | H5: -3.681 | I5: 4 | J5: 57.782167 | K5: ES
A6: INET_PL_1256_EE_1_553 | B6: Alcazar de San Juan_Yela1_553 | C6: INET_N_1460 | D6: INET_N_1646 | E6: 40.01 | F6: -3.207 | G6: 40.806749 | H6: -2.822598 | I6: 5 | J6: 98.283783 | K6: ES
A7: INET_PL_127_64 | B7: Cordoba_Almendralejo_64 | C7: INET_N_314 | D7: INET_N_36 | E7: 37.906 | F7: -4.68003 | G7: 38.711202 | H7: -6.382539 | I7: 6 | J7: 209.29519 | K7: ES
A8: INET_PL_9_5 | B8: Almendralejo_Zamora_5 | C8: INET_N_36 | D8: INET_N_1653 | E8: 38.711202 | F8: -6.382539 | G8: 41.506 | H8: -5.644 | I8: 7 | J8: 319.8698 | K8: ES
A9: INET_PL_7_4 | B9: Almendralejo_Badajoz_4 | C9: INET_N_36 | D9: INET_N_108 | E9: 38.711202 | F9: -6.382539 | G9: 38.87665 | H9: -6.9714 | I9: 8 | J9: 67.999242 | K9: ES
A10: INET_PL_146_74 | B10: Donges_Chazelles_74 | C10: INET_N_285 | D10: INET_N_376 | E10: 45.64714 | F10: 0.367019 | G10: 47.332 | H10: -2.069 | I10: 9 | J10: 329.42321 | K10: FR
A11: INET_PL_19_10 | B11: Chazelles_Roussines_10 | C11: INET_N_285 | D11: INET_N_1261 | E11: 45.64714 | F11: 0.367019 | G11: 46.463 | H11: 1.38 | I11: 10 | J11: 144.66208 | K11: FR
A12: INET_PL_1193_519 | B12: Auros_Chazelles_519 | C12: INET_N_88 | D12: INET_N_285 | E12: 44.495849 | F12: -0.146575 | G12: 45.64714 | H12: 0.367019 | I12: 11 | J12: 140.21738 | K12: FR
A13: INET_PL_1246_548 | B13: Chazelles_Brizambourg_548 | C13: INET_N_285 | D13: INET_N_225 | E13: 45.64714 | F13: 0.367019 | G13: 45.822208 | H13: -0.479831 | I13: 12 | J13: 96.18366 | K13: FR
... A2135: PL_So21_So7 | B2135: PL_So21_So7 | C2135: So21 | D2135: So7 | E2135: 54.015366 | F2135: 0.97368523 | G2135: 52.14647 | H2135: 3.896138 | I2135: 2134 | J2135: 385.72357 | K2135: NL

Sheet Terminals
A1: Node_id | B1: Node_name | C1: Lat | D1: Lon
A2: T1 | B2: Honningsvag | C2: 70.9814 | D2: 25.975
A3: T2 | B3: Hammerfest | C3: 70.6624 | D3: 23.6835
A4: T3 | B4: Harstad | C4: 68.7973 | D4: 16.5393
A5: T4 | B5: Namsos | C5: 64.468 | D5: 11.4939
A6: T5 | B6: Trondheim | C6: 63.431 | D6: 10.3921
A7: T6 | B7: Tjeldbergodden | C7: 63.4117 | D7: 8.6933
A8: T7 | B8: Nyhamna | C8: 60.4167 | D8: 5.3167
A9: T8 | B9: Mongstad | C9: 60.8083 | D9: 5.0313
A10: T9 | B10: Sture | C10: 59.19 | D10: 11.1314
A11: T10 | B11: Bergen | C11: 60.3908 | D11: 5.3328
A12: T11 | B12: Karsto | C12: 59.2757 | D12: 5.5251
A13: T12 | B13: Stavanger | C13: 58.971 | D13: 5.7306
... A182: T181 | B182: Porto Levante LNG Terminal | C182: 45.04514 | D182: 12.35345

Sheet Offshore_nodes
A1: Node_id | B1: Node_name | C1: Lat | D1: Lon
A2: B1 | B2: Black sea | C2: 42.915725 | D2: 30.263473
A3: B2 | B3: B2 | C3: 40.745319 | D3: 28.572866
A4: B3 | B4: B3 | C4: 39.368193 | D4: 25.016732
A5: B4 | B5: Kretenzische Zee | C5: 36.213064 | D5: 25.324577
A6: B5 | B6: B5 | C6: 35.751927 | D6: 21.364365
A7: B6 | B7: B6 | C7: 38.016945 | D7: 19.727223
A8: B7 | B8: B7 | C8: 40.070731 | D8: 19.14196
A9: B8 | B9: B8 | C9: 41.82968 | D9: 18.131218
A10: B9 | B10: B9 | C10: 43.350163 | D10: 15.67028
A11: B10 | B11: B10 | C11: 44.802315 | D11: 13.736687
A12: B11 | B12: B11 | C12: 44.802852 | D12: 12.682823
A13: B12 | B13: B12 | C13: 43.605271 | D13: 13.912468
... A75: B74 | B75: B74 | C75: 71.609644 | D75: 22.518198

Sheet Routing_nodes
A1: Node_id | B1: Node_name | C1: Lat | D1: Lon | E1: INDEX | F1: NUTS0
A2: INET_N_23 | B2: INET_N_23 | C2: 39.390075 | D2: -3.3500984 | E2: 1 | F2: ES
A3: INET_N_1460 | B3: INET_N_1460 | C3: 40.01 | D3: -3.207 | E3: 2 | F3: ES
A4: INET_N_317 | B4: INET_N_317 | C4: 44.991076 | D4: 9.920891 | E4: 3 | F4: IT
A5: INET_N_36 | B5: INET_N_36 | C5: 38.711202 | D5: -6.382539 | E5: 4 | F5: ES
A6: INET_N_252 | B6: INET_N_252 | C6: 41.136273 | D6: 15.514454 | E6: 5 | F6: IT
A7: INET_N_832 | B7: INET_N_832 | C7: 40.550803 | D7: 17.717742 | E7: 6 | F7: IT
A8: INET_N_991 | B8: INET_N_991 | C8: 40.626457 | D8: 15.985341 | E8: 7 | F8: IT
A9: INET_N_1106 | B9: INET_N_1106 | C9: 40.578453 | D9: 17.038207 | E9: 8 | F9: IT
A10: INET_N_285 | B10: INET_N_285 | C10: 45.64714 | D10: 0.367019 | E10: 9 | F10: FR
A11: INET_N_71 | B11: INET_N_71 | C11: 46.1817 | D11: 21.31056 | E11: 10 | F11: RO
A12: INET_N_1468 | B12: INET_N_1468 | C12: 46.505528 | D12: 13.592806 | E12: 11 | F12: IT
A13: GSE_N_186 | B13: GSE_N_186 | C13: 43.3122 | D13: -1.986 | E13: 12 | F13: ES
... A695: NO_N_52 | B695: NO_N_52 | C695: 66.982195 | D695: 7.134698 | E695: 694 | F695: NO

Sheet Storage_offshore
A1: Node_id | B1: Storage_name | C1: Lat | D1: Lon | E1: Planned_inj_mt | F1: Theoretical_volume_mt | G1: Srl | H1: Project_status | I1: NUTS0 | J1: NUTS0
A2: So1 | B2: Nini West Oil Field | C2: 56.640806 | D2: 5.271956 | E2: 1 | F2: 45 | G2: 6 | H2: Early Development | I2: NO | J2: NO
A3: So2 | B3: Havnsø | C3: 56.344143 | D3: 4.27192 | E3: 3 | F3: 300 | G3: 4 | H3: Early Development | I3: NO | J3: NO
A4: So3 | B4: Kinsale Gas Fields | C4: 51.370833 | D4: -7.945278 | F4: 330 | G4: 4 | H4: Early Development | I4: IE | J4: IE
A5: So4 | B5: Eni's Adriatic Fields | C5: 44.417776 | D5: 12.524361 | F5: 600 | G5: 5 | H5: Early Development | I5: IT | J5: IT
A6: So5 | B6: P18-6 gas field | C6: 52.162357 | D6: 3.9515086 | F6: 1.4 | G6: 7 | H6: Advanced Development | I6: NL | J6: NL
A7: So6 | B7: P18-2 gas field | C7: 52.135188 | D7: 3.9555782 | F7: 32 | G7: 7 | H7: Advanced Development | I7: NL | J7: NL
A8: So7 | B8: P18-4 gas field | C8: 52.14647 | D8: 3.896138 | E8: 2.5 | F8: 8 | G8: 8 | H8: Advanced Development | I8: NL | J8: NL
A9: So8 | B9: K&L Blocks gas fields | C9: 53.537167 | D9: 4.0040007 | E9: 5 | F9: 400 | G9: 4 | H9: Early Development | I9: NL | J9: NL
A10: So9 | B10: Sto Formation | C10: 71.633333 | D10: 21.066667 | E10: 0.5 | F10: 300 | G10: 9 | H10: Operational | I10: NO | J10: NO
A11: So10 | B11: Johansen Formation (Aurora Field) | C11: 60.645556 | D11: 3.726389 | E11: 1.5 | F11: 200 | G11: 7 | H11: In construction | I11: NO | J11: NO
A12: So11 | B12: Utsira Formation | C12: 58.350003 | D12: 1.9 | E12: 0.9 | F12: 1100 | G12: 9 | H12: Operational | I12: NO | J12: NO
A13: So12 | B13: Polaris sandstone | C13: 73.041037 | D13: 28.915591 | E13: 2 | F13: 100 | G13: 3 | H13: Early Development | I13: NO | J13: NO
A14: So13 | B14: Captain Sandstone | C14: 58 | D14: -0.383333 | E14: 0.3 | F14: 500 | G14: 5 | H14: Advanced Development | I14: GB | J14: GB
A15: So14 | B15: Mey Sandstone | C15: 58.40713 | D15: 1.1326424 | E15: - | F15: 150 | G15: 5 | H15: Advanced Development | I15: GB | J15: GB
A16: So15 | B16: Bunter Sandstone | C16: 54.067574 | D16: 0.99484973 | E16: 1 | F16: 1000 | G16: 7 | H16: Advanced Development | I16: GB | J16: GB
A17: So16 | B17: Hamilton then Lennox Fields | C17: 53.513801 | D17: -3.333459 | E17: 1.5 | F17: 130 | G17: 5 | H17: Advanced Development | I17: GB | J17: GB
A18: So17 | B18: Rotliegende Sandstone | C18: 53.341944 | D18: 3.896944 | E18: 0.2 | F18: 3 | G18: 9 | H18: Ended | I18: NL | J18: NL
A19: So18 | B19: Smeaheia Formation | C19: 60.645556 | D19: 3.726389 | E19: 1.5 | F19: 100 | G19: 5 | H19: Ended | I19: NO | J19: NO
... A22: So21 | B22: Bunter Sandstone | C22: 54.015366 | D22: 0.97368523 | E22: 2.7 | F22: 54 | G22: 5 | H22: Ended | I22: GB | J22: GB
A23: So22 | B23: Forties Sandstone | C23: 57.716667 | D23: 1.016667 | F23: 100 | G23: 4 | H23: Ended | I23: GB | J23: GB

Sheet Storage_inland
A1: Node_id | B1: Storage_name | C1: Lat | D1: Lon | E1: Planned_inj_mt | F1: Theoretical_volume_mt | G1: Srl | H1: Project_status | I1: NUTS0 | J1: NUTS0
A2: Si1 | B2: Žutica & Ivanić oilfields | C2: 45.676795 | D2: 16.43519 | E2: 6.94 | F2: 250 | G2: 9 | H2: Operational | I2: HR | J2: HR
A3: Si2 | B3: Szank Fields | C3: 46.548619 | D3: 19.63699 | F3: 100 | G3: 9 | H3: Operational | I3: HU | J3: HU
A4: Si3 | B4: Basalt Lava flows | C4: 64.016666 | D4: -22.134253 | E4: 3 | F4: 18 | G4: 6 | H4: Advanced Development | I4: IS | J4: IS
A5: Si4 | B5: Basalt Lava flows | C5: 64.026537 | D5: -21.431829 | E5: 0.012 | F5: 101 | G5: 9 | H5: Operational | I5: IS | J5: IS
A6: Si5 | B6: Borzecin gas reservoir | C6: 51.471858 | D6: 16.837001 | E6: 0.000175 | F6: 1 | G6: 9 | H6: Operational | I6: PL | J6: PL
A7: Si6 | B7: LBr-1 field in Moravia | C7: 48.719817 | D7: 16.986764 | E7: - | F7: 100 | G7: 4 | H7: Ended | I7: CZ | J7: CZ
A8: Si7 | B8: Vedsted | C8: 57.183996 | D8: 9.7171807 | E8: - | F8: 100 | G8: 4 | H8: Ended | I8: DK | J8: DK
A9: Si8 | B9: Lorraine Region | C9: 48.851024 | D9: 6.2369502 | E9: 0.5 | F9: 100 | G9: 4 | H9: Ended | I9: FR | J9: FR
A10: Si9 | B10: Rousse gas field | C10: 43.260116 | D10: -0.404397 | E10: 0.02 | F10: 1 | G10: 9 | H10: Ended | I10: FR | J10: FR
A11: Si10 | B11: Stuttgart formation | C11: 52.483823 | D11: 12.832091 | E11: 0.01 | F11: 0.067 | G11: 9 | H11: Ended | I11: DE | J11: DE
A12: Si11 | B12: Tertiary Formations | C12: 57.073746 | D12: 10.04 | E12: 1.5 | F12: 100 | G12: 4 | H12: Ended | I12: DK | J12: DK
A13: Si12 | B13: Hontomin | C13: 42.57246 | D13: -3.6409035 | E13: 2 | F13: 100 | G13: 4 | H13: Ended | I13: ES | J13: ES

Sheet Clusters
A1: Lat | B1: Lon | C1: Cluster
A2: 48.206824 | B2: 15.21864 | C2: C1
A3: 47.981801 | B3: 14.129086 | C3: C2
A4: 48.121852 | B4: 16.511404 | C4: C3
A5: 47.37979 | B5: 15.059736 | C5: C4
A6: 47.44513 | B6: 15.28286 | C6: C5
A7: 47.06555 | B7: 15.418704 | C7: C6
A8: 47.551837 | B8: 10.637497 | C8: C7
A9: 47.727164 | B9: 13.041891 | C9: C8
A10: 48.285079 | B10: 14.324071 | C10: C9
A11: 47.067036 | B11: 15.07815 | C11: C10
A12: 47.534501 | B12: 15.502833 | C12: C11
A13: 47.87368 | B13: 16.085401 | C13: C12
... A536: 47.29801 | B536: 18.89106 | C536: C535
